{
  "holdout_samples": 710,
  "holdout_ic": 0.08310083835098253,
  "holdout_accuracy": 0.5577464788732395,
  "holdout_buy_pct": 0.4014084507042254,
  "holdout_mean_prob": 0.45548338877506844,
  "holdout_std_prob": 0.21826721218449624,
  "mean_predicted_return": 0.0037957936045331783,
  "net_of_transaction_costs": 0.0027957936045331783,
  "transaction_cost_pct": 0.001,
  "validation_timestamp": "2026-03-10T14:55:28.017551",
  "passed": true,
  "failure_reasons": [],
  "xgb_params": {
    "max_depth": 5,
    "learning_rate": 0.03,
    "min_child_weight": 10,
    "subsample": 0.8,
    "colsample_bytree": 0.7,
    "reg_alpha": 0.5,
    "reg_lambda": 2.0
  },
  "min_return_pct": 0.08923911365222985,
  "n_symbols": 5,
  "n_samples": 2840,
  "optuna_trials": 3,
  "optuna_available": false
}