{
  "means": {
    "adx": 27.270892534805437,
    "atr": 3.31698420012261,
    "autocorr_10": -0.022036322654710172,
    "autocorr_20": 0.019094474355879142,
    "autocorr_5": 0.001641671373208327,
    "bid_ask_spread_proxy": 0.002135848480407787,
    "bollinger_bandwidth": 0.011161290596697843,
    "bollinger_pct_b": 0.4549159799162149,
    "candle_body_ratio": 0.47496896527212557,
    "candle_engulfing": 1.2649546198138044,
    "candle_lower_shadow": 0.2685257209563413,
    "candle_upper_shadow": 0.25650531377153324,
    "close": 1502.9518464080381,
    "cross_sectional_return_rank": 0.48228169014084504,
    "cross_sectional_volume_rank": 0.5300704225352113,
    "effective_spread_proxy": 0.0021346098697674616,
    "ema_spread": -0.0003603625479834548,
    "gap_pct": -2.176791594731371e-05,
    "hurst_exponent": 0.6468875842087981,
    "intraday_range_ratio": 1.018668614072305,
    "intraday_volatility": 0.001391670753865756,
    "inventory_risk_score": 0.0,
    "lagged_return_1": -4.0853776676759124e-05,
    "lagged_return_10": -0.0004636423402385902,
    "lagged_return_2": -8.262651013350814e-05,
    "lagged_return_3": -0.00012633842377884362,
    "lagged_return_5": -0.0002202613893925932,
    "macd_histogram": 3.865666260577095e-06,
    "macd_line": -0.00036940672504029356,
    "macd_signal": -0.0003732723913008707,
    "market_impact_estimate": 0.9997478008074827,
    "mean_reversion_zscore": -0.17948176115655776,
    "mfi": 47.39505001309176,
    "minute_of_day_cos": 0.9910821259551061,
    "minute_of_day_sin": 0.03734990339869367,
    "momentum_10": -0.0004636423402385902,
    "momentum_20": -0.0009457141490084351,
    "momentum_5": -0.0002202613893925932,
    "nifty_return_1": 0.0,
    "nifty_return_5": 0.0,
    "nifty_rsi": 50.0,
    "nifty_trend": 0.0,
    "nifty_volatility": 0.01,
    "obv_slope": -0.030084944989292903,
    "orderflow_imbalance": -0.01592946727286287,
    "peer_correlation_20d": 0.019094474355879142,
    "peer_correlation_5d": 0.001641671373208327,
    "position_heat": 0.0,
    "price_position": 0.44869450364263175,
    "quote_intensity": 1.2189498020561926,
    "regime_hmm_state": 0.5630985915492958,
    "regime_volatility_zscore": 0.17239779332201585,
    "relative_strength_nifty": 0.00879659237782614,
    "relative_strength_nifty_20d": 0.007735351865827108,
    "returns_1": -4.0853776676759124e-05,
    "returns_10": -0.0004636423402385902,
    "returns_20": -0.0009457141490084351,
    "returns_5": -0.0002202613893925932,
    "roc_10": -0.0004636423402385915,
    "rolling_vol_20": 0.001693790208230028,
    "rolling_volatility": 0.001693790208230028,
    "rsi": 47.39998480399908,
    "sector_momentum_20d": -0.0009457141490084351,
    "sector_momentum_5d": -0.0002202613893925932,
    "slippage_estimate": 0.0017377287419487765,
    "stochastic_d": 45.67570685433323,
    "stochastic_k": 45.714873404833604,
    "tick_direction_ratio": 0.4819694702442381,
    "tick_velocity": -4.379291367197118e-05,
    "time_of_day_cos": 0.9910821259551061,
    "time_of_day_sin": 0.03734990339869367,
    "vol_of_vol": 0.0007638810117316476,
    "volume": 228848.66338028168,
    "volume_concentration_ratio": 0.14782081939311134,
    "volume_profile_deviation": -0.0015942356586215712,
    "volume_profile_skew": -0.0011312433965896093,
    "volume_relative_to_sector": 0.12889686062628725,
    "volume_spike": 0.12889686062628725,
    "vwap_distance": -0.0005314440955060031,
    "williams_r": -54.285126595161486
  },
  "stds": {
    "adx": 19.397896172981707,
    "atr": 1.9714292485198726,
    "autocorr_10": 0.07817500617374883,
    "autocorr_20": 0.07175280574443169,
    "autocorr_5": 0.05244000173997779,
    "bid_ask_spread_proxy": 0.0016188759690920756,
    "bollinger_bandwidth": 0.009963123810957753,
    "bollinger_pct_b": 0.33756378890638966,
    "candle_body_ratio": 0.2717403791617144,
    "candle_engulfing": 1.0699126561766348,
    "candle_lower_shadow": 0.22059645516208473,
    "candle_upper_shadow": 0.21787028580180867,
    "close": 574.8252358016557,
    "cross_sectional_return_rank": 0.33787885082343216,
    "cross_sectional_volume_rank": 0.30569591924110884,
    "effective_spread_proxy": 0.0010810377400064357,
    "ema_spread": 0.0021737791468562796,
    "gap_pct": 0.0016273342809329052,
    "hurst_exponent": 0.027419072990099956,
    "intraday_range_ratio": 0.5880027467893271,
    "intraday_volatility": 0.0008080596456025434,
    "inventory_risk_score": 1.0,
    "lagged_return_1": 0.002190191359253595,
    "lagged_return_10": 0.006403197990846267,
    "lagged_return_2": 0.0030782704628786457,
    "lagged_return_3": 0.00370695692983536,
    "lagged_return_5": 0.004622851147543794,
    "macd_histogram": 0.0006904318553097849,
    "macd_line": 0.002178338454048512,
    "macd_signal": 0.002036074104009584,
    "market_impact_estimate": 0.004119200124854875,
    "mean_reversion_zscore": 1.3338763404435712,
    "mfi": 18.067163904234885,
    "minute_of_day_cos": 0.034816203124737856,
    "minute_of_day_sin": 0.12308142154034601,
    "momentum_10": 0.006403197990846267,
    "momentum_20": 0.008802006256642639,
    "momentum_5": 0.004622851147543794,
    "nifty_return_1": 1.0,
    "nifty_return_5": 1.0,
    "nifty_rsi": 1.0,
    "nifty_trend": 1.0,
    "nifty_volatility": 1.0,
    "obv_slope": 0.37676656497272165,
    "orderflow_imbalance": 0.30269131750392303,
    "peer_correlation_20d": 0.07175280574443169,
    "peer_correlation_5d": 0.05244000173997779,
    "position_heat": 1.0,
    "price_position": 0.29247512241538043,
    "quote_intensity": 0.8001706464954786,
    "regime_hmm_state": 0.49600258844535794,
    "regime_volatility_zscore": 1.1004040749562896,
    "relative_strength_nifty": 0.9998653992276226,
    "relative_strength_nifty_20d": 0.9870952815863947,
    "returns_1": 0.002190191359253595,
    "returns_10": 0.006403197990846267,
    "returns_20": 0.008802006256642639,
    "returns_5": 0.004622851147543794,
    "roc_10": 0.0064031979908462724,
    "rolling_vol_20": 0.0013172389054688029,
    "rolling_volatility": 0.0013172389054688029,
    "rsi": 16.965227182030297,
    "sector_momentum_20d": 0.008802006256642639,
    "sector_momentum_5d": 0.004622851147543794,
    "slippage_estimate": 0.0006652119711214464,
    "stochastic_d": 27.252171333871093,
    "stochastic_k": 29.38606133881991,
    "tick_direction_ratio": 0.10554358289129397,
    "tick_velocity": 0.0009242946288689286,
    "time_of_day_cos": 0.034816203124737856,
    "time_of_day_sin": 0.12308142154034601,
    "vol_of_vol": 0.0009467683643362563,
    "volume": 320199.3386333154,
    "volume_concentration_ratio": 0.05231999816477018,
    "volume_profile_deviation": 0.010638491539414626,
    "volume_profile_skew": 0.72620906471441,
    "volume_relative_to_sector": 1.2585117685286633,
    "volume_spike": 1.2585117685286633,
    "vwap_distance": 0.0051739532123952214,
    "williams_r": 29.38606133882278
  },
  "fitted": true
}